{
  "project_info": {
    "project_number": "1071008946578",
    "firebase_url": "https://okolkata-2a31b.firebaseio.com",
    "project_id": "okolkata-2a31b",
    "storage_bucket": "okolkata-2a31b.appspot.com"
  },
  "client": [
    {
      "client_info": {
        "mobilesdk_app_id": "1:1071008946578:android:de222dcce754eb4432c94b",
        "android_client_info": {
          "package_name": "com.kevin.okolkata"
        }
      },
      "oauth_client": [
        {
          "client_id": "1071008946578-9sroptu4090pt0jpv5gssjmafk9uirdr.apps.googleusercontent.com",
          "client_type": 3
        }
      ],
      "api_key": [
        {
          "current_key": "AIzaSyBAxjDkV9A9UIs8G69HH7EPM_Y1uCFb9Ro"
        }
      ],
      "services": {
        "appinvite_service": {
          "other_platform_oauth_client": [
            {
              "client_id": "1071008946578-9sroptu4090pt0jpv5gssjmafk9uirdr.apps.googleusercontent.com",
              "client_type": 3
            }
          ]
        }
      }
    }
  ],
  "configuration_version": "1"
}