

{

   
            "contentTags" : {
                "st" : "Signature",
				"pt": "Platinum",
				"cl": "Classic",
				"clp": "ClrPlatinum",
				"em": "Emirates",
				"qs": "QSignature",
				"p": "Prestige"
            },  
            "creditCards" : [
                    {
                        "id": "Signature",
                        "name": "Citibank Signature",
                        "type": "cred"
                    },
                    {
                        "id": "Platinum",
                        "name": "Citi Platinum",
                        "type": "cred"
                    },
                    {
                        "id": "Classic",
                        "name": "Citibank Classic",
                        "type": "cred"
                    },
					{
                        "id": "ClrPlatinum",
                        "name": "Citibank Clear Platinum",
                        "type": "cred"
                    },
					{
                        "id": "Emirates",
                        "name": "Emirates Citibank",
                        "type": "cred"
                    },
					{
                        "id": "QSignature",
                        "name": "Citibank Qantas Signature",
                        "type": "cred"
                    },
					{
                        "id": "Prestige",
                        "name": "Citibank Prestige",
                        "type": "cred"
                    }
                ],      
                    
            "valuSeries" :{
                "key_st": "Citibank Signature",
				"key_pt": "Citi Platinum",
				"key_cl": "Citibank Classic",
				"key_clp": "Citibank Clear Platinum",
				"key_em": "Emirates Citibank",
				"key_qs": "Citibank Qantas Signature",
				"key_p": "Citibank Prestige"
                
            }
		
        

  

}