

{

     
            "navList" : [
                    {
                        "id": "Home",
                        "name": "Home",
                        "type": "cred"
                    },
                    {
                        "id": "Banking",
                        "name": "Banking",
                        "type": "cred"
                    },
                    {
                        "id": "CreditCards",
                        "name": "Credit Cards",
                        "type": "cred"
                    },
					{
                        "id": "Loans",
                        "name": "Loans",
                        "type": "cred"
                    },
					{
                        "id": "Home Loans",
                        "name": "Home Loans",
                        "type": "cred"
                    },
					{
                        "id": "Investments",
                        "name": "Investments",
                        "type": "cred"
                    },
					{
                        "id": "Insurance",
                        "name": "Insurance",
                        "type": "cred"
                    },
					{
                        "id": "Citigold",
                        "name": "Citigold",
                        "type": "cred"
                    }
                ],      
                    
            "valuSeries" :{
                "key_st": "Citibank Signature",
				"key_pt": "Citi Platinum",
				"key_cl": "Citibank Classic",
				"key_clp": "Citibank Clear Platinum",
				"key_em": "Emirates Citibank",
				"key_qs": "Citibank Qantas Signature",
				"key_p": "Citibank Prestige"
                
            }
		
        

  

}