

{

		"tabs" : [
			{
				"title": "Features",
				"url": "one.html"
			}, 
			{
				"title": "Rewards",
				"url": "two.html"
			},
			{
				"title": "Value",
				"url": "three.html"
			},
			{
				"title": "Security",
				"url": "four.html"
			}
		],
             
            "tabdata" : [
                    {
                       
                        "name": "Balance Transfer Rate.",
                        "type": "0% p.a. for 9 months<sup>1</sup>. <i>Cash advance rate after 9 months.</i>"
                    },
                    {
                        
                        "name": "Retail Purchase Rate",
                        "type": "0% p.a. for up to 9 months<sup>1</sup>. <i>Reverts to a low on-going retail purchases rate, currently 14.99% p.a., after 9 months.</i>"
                    },
                    {
                       
                        "name": "Cash Advance Rate",
                        "type": "21.74% p.a.<sup>1</sup>"
                    },
					{
                       
                        "name": "Interest Free Period",
                        "type": "Up to 55 days interest free<sup>6</sup>"
                    },
					{
                       
                        "name": "Maximum Credit Limit",
                        "type": "$100,000<sup>5</sup>"
                    },
					{
                       
                        "name": "Annual Fee",
                        "type": "$99"
                    },
					{
                        
                        "name": "Additional Cardholder Fee",
                        "type": "$0"
                    }
                ],      
                    
            "valuSeries" :{
                "key_st": "Flexibility",
				"key_pt": "Privileges",
				"key_cl": "Save Money",
				"key_clp": "Saving Comparison Table",
				"key_em": "Security",
				"key_qs": "Peace of mind",
				"key_p": "Citibank Prestige"
                
            }
		
        

  

}